{
  "height": 368,
  "id": 29795858,
  "tabOrder": 3000,
  "width": 497.51072961373393,
  "x": 437.05082319255558,
  "y": 52,
  "z": 1000
}